{
  "GetCart" : {
    "transaction" : "GetCart",
    "sampleCount" : 400,
    "errorCount" : 0,
    "errorPct" : 0.0,
    "meanResTime" : 833.7074999999998,
    "minResTime" : 681.0,
    "maxResTime" : 1362.0,
    "pct1ResTime" : 955.0,
    "pct2ResTime" : 993.0,
    "pct3ResTime" : 1090.7800000000002,
    "throughput" : 1.9989305721439028,
    "receivedKBytesPerSec" : 1.575329073945439,
    "sentKBytesPerSec" : 0.0
  },
  "Total" : {
    "transaction" : "Total",
    "sampleCount" : 1600,
    "errorCount" : 0,
    "errorPct" : 0.0,
    "meanResTime" : 821.1531249999988,
    "minResTime" : 474.0,
    "maxResTime" : 1992.0,
    "pct1ResTime" : 1237.9,
    "pct2ResTime" : 1304.8999999999996,
    "pct3ResTime" : 1443.92,
    "throughput" : 7.878319357523056,
    "receivedKBytesPerSec" : 856.8651080545352,
    "sentKBytesPerSec" : 1.2021361324345483
  },
  "Add Cart" : {
    "transaction" : "Add Cart",
    "sampleCount" : 400,
    "errorCount" : 0,
    "errorPct" : 0.0,
    "meanResTime" : 1226.8900000000006,
    "minResTime" : 1047.0,
    "maxResTime" : 1992.0,
    "pct1ResTime" : 1355.8000000000002,
    "pct2ResTime" : 1415.9,
    "pct3ResTime" : 1640.3900000000006,
    "throughput" : 1.99583867635979,
    "receivedKBytesPerSec" : 1.399425946900712,
    "sentKBytesPerSec" : 1.2181632546141294
  },
  "登录首页" : {
    "transaction" : "登录首页",
    "sampleCount" : 400,
    "errorCount" : 0,
    "errorPct" : 0.0,
    "meanResTime" : 576.7724999999999,
    "minResTime" : 474.0,
    "maxResTime" : 1103.0,
    "pct1ResTime" : 644.9000000000001,
    "pct2ResTime" : 680.9,
    "pct3ResTime" : 855.8600000000001,
    "throughput" : 1.9958984287289618,
    "receivedKBytesPerSec" : 164.58160901222988,
    "sentKBytesPerSec" : 0.0
  },
  "访问商品详情" : {
    "transaction" : "访问商品详情",
    "sampleCount" : 400,
    "errorCount" : 0,
    "errorPct" : 0.0,
    "meanResTime" : 647.2424999999994,
    "minResTime" : 530.0,
    "maxResTime" : 1313.0,
    "pct1ResTime" : 734.9000000000001,
    "pct2ResTime" : 798.8499999999999,
    "pct3ResTime" : 1067.8000000000002,
    "throughput" : 1.9999200031998718,
    "receivedKBytesPerSec" : 702.1729628861721,
    "sentKBytesPerSec" : 0.0
  }
}