{
  "GetCart" : {
    "transaction" : "GetCart",
    "sampleCount" : 77,
    "errorCount" : 0,
    "errorPct" : 0.0,
    "meanResTime" : 753.9090909090912,
    "minResTime" : 665.0,
    "maxResTime" : 1286.0,
    "pct1ResTime" : 866.8,
    "pct2ResTime" : 883.3999999999999,
    "pct3ResTime" : 1286.0,
    "throughput" : 1.416378485762637,
    "receivedKBytesPerSec" : 1.2324152644672945,
    "sentKBytesPerSec" : 0.0
  },
  "Total" : {
    "transaction" : "Total",
    "sampleCount" : 310,
    "errorCount" : 0,
    "errorPct" : 0.0,
    "meanResTime" : 787.4741935483868,
    "minResTime" : 466.0,
    "maxResTime" : 1462.0,
    "pct1ResTime" : 1137.2000000000003,
    "pct2ResTime" : 1207.0,
    "pct3ResTime" : 1386.35,
    "throughput" : 5.458034755356796,
    "receivedKBytesPerSec" : 590.7350307069476,
    "sentKBytesPerSec" : 0.901648634610983
  },
  "Add Cart" : {
    "transaction" : "Add Cart",
    "sampleCount" : 76,
    "errorCount" : 0,
    "errorPct" : 0.0,
    "meanResTime" : 1133.9342105263165,
    "minResTime" : 1006.0,
    "maxResTime" : 1462.0,
    "pct1ResTime" : 1256.8999999999999,
    "pct2ResTime" : 1375.2499999999998,
    "pct3ResTime" : 1462.0,
    "throughput" : 1.4187044987866344,
    "receivedKBytesPerSec" : 1.1111337969012507,
    "sentKBytesPerSec" : 0.9559629923464625
  },
  "登录首页" : {
    "transaction" : "登录首页",
    "sampleCount" : 79,
    "errorCount" : 0,
    "errorPct" : 0.0,
    "meanResTime" : 562.2405063291139,
    "minResTime" : 466.0,
    "maxResTime" : 916.0,
    "pct1ResTime" : 647.0,
    "pct2ResTime" : 763.0,
    "pct3ResTime" : 916.0,
    "throughput" : 1.4053438645177356,
    "receivedKBytesPerSec" : 112.10362131764329,
    "sentKBytesPerSec" : 0.0
  },
  "访问商品详情" : {
    "transaction" : "访问商品详情",
    "sampleCount" : 78,
    "errorCount" : 0,
    "errorPct" : 0.0,
    "meanResTime" : 711.153846153846,
    "minResTime" : 527.0,
    "maxResTime" : 1245.0,
    "pct1ResTime" : 889.5000000000007,
    "pct2ResTime" : 1105.8,
    "pct3ResTime" : 1245.0,
    "throughput" : 1.4074849326933487,
    "receivedKBytesPerSec" : 489.4377658770616,
    "sentKBytesPerSec" : 0.0
  }
}