{
  "GetCart" : {
    "transaction" : "GetCart",
    "sampleCount" : 446,
    "errorCount" : 0,
    "errorPct" : 0.0,
    "meanResTime" : 11738.18385650225,
    "minResTime" : 4672.0,
    "maxResTime" : 16440.0,
    "pct1ResTime" : 14525.1,
    "pct2ResTime" : 14880.849999999999,
    "pct3ResTime" : 16182.139999999996,
    "throughput" : 1.9718023422889706,
    "receivedKBytesPerSec" : 1.5539496974874993,
    "sentKBytesPerSec" : 0.0
  },
  "Total" : {
    "transaction" : "Total",
    "sampleCount" : 1884,
    "errorCount" : 0,
    "errorPct" : 0.0,
    "meanResTime" : 16412.949575371564,
    "minResTime" : 751.0,
    "maxResTime" : 60227.0,
    "pct1ResTime" : 27402.5,
    "pct2ResTime" : 29589.25,
    "pct3ResTime" : 32849.4,
    "throughput" : 6.544779982144284,
    "receivedKBytesPerSec" : 711.2097513617589,
    "sentKBytesPerSec" : 0.8820385044274534
  },
  "Add Cart" : {
    "transaction" : "Add Cart",
    "sampleCount" : 416,
    "errorCount" : 0,
    "errorPct" : 0.0,
    "meanResTime" : 12674.456730769227,
    "minResTime" : 6573.0,
    "maxResTime" : 16920.0,
    "pct1ResTime" : 15548.0,
    "pct2ResTime" : 16144.65,
    "pct3ResTime" : 16346.98,
    "throughput" : 2.1204367284107937,
    "receivedKBytesPerSec" : 1.486790596678662,
    "sentKBytesPerSec" : 1.2942118703679162
  },
  "登录首页" : {
    "transaction" : "登录首页",
    "sampleCount" : 576,
    "errorCount" : 0,
    "errorPct" : 0.0,
    "meanResTime" : 16675.26041666668,
    "minResTime" : 751.0,
    "maxResTime" : 49711.0,
    "pct1ResTime" : 24476.800000000003,
    "pct2ResTime" : 27162.25,
    "pct3ResTime" : 33119.85000000005,
    "throughput" : 2.5371543347458,
    "receivedKBytesPerSec" : 209.21364733554745,
    "sentKBytesPerSec" : 0.0
  },
  "访问商品详情" : {
    "transaction" : "访问商品详情",
    "sampleCount" : 446,
    "errorCount" : 0,
    "errorPct" : 0.0,
    "meanResTime" : 24235.970852017923,
    "minResTime" : 1434.0,
    "maxResTime" : 60227.0,
    "pct1ResTime" : 31443.2,
    "pct2ResTime" : 32474.899999999998,
    "pct3ResTime" : 37552.36999999998,
    "throughput" : 2.0124265080790353,
    "receivedKBytesPerSec" : 706.5641261427063,
    "sentKBytesPerSec" : 0.0
  }
}