{
  "GetCart" : {
    "transaction" : "GetCart",
    "sampleCount" : 400,
    "errorCount" : 0,
    "errorPct" : 0.0,
    "meanResTime" : 839.3950000000002,
    "minResTime" : 682.0,
    "maxResTime" : 1509.0,
    "pct1ResTime" : 964.6000000000001,
    "pct2ResTime" : 1022.0,
    "pct3ResTime" : 1160.7300000000002,
    "throughput" : 2.030106479084828,
    "receivedKBytesPerSec" : 1.5997992415014668,
    "sentKBytesPerSec" : 0.0
  },
  "Total" : {
    "transaction" : "Total",
    "sampleCount" : 1600,
    "errorCount" : 0,
    "errorPct" : 0.0,
    "meanResTime" : 848.5756250000005,
    "minResTime" : 510.0,
    "maxResTime" : 4021.0,
    "pct1ResTime" : 1257.0,
    "pct2ResTime" : 1343.8999999999996,
    "pct3ResTime" : 1597.4700000000005,
    "throughput" : 7.883093720130464,
    "receivedKBytesPerSec" : 857.3841627877329,
    "sentKBytesPerSec" : 1.2028646423538918
  },
  "Add Cart" : {
    "transaction" : "Add Cart",
    "sampleCount" : 400,
    "errorCount" : 0,
    "errorPct" : 0.0,
    "meanResTime" : 1239.6475,
    "minResTime" : 1033.0,
    "maxResTime" : 1830.0,
    "pct1ResTime" : 1393.0,
    "pct2ResTime" : 1442.8,
    "pct3ResTime" : 1670.2700000000007,
    "throughput" : 2.0287061926256533,
    "receivedKBytesPerSec" : 1.4222736090683168,
    "sentKBytesPerSec" : 1.2382239945224933
  },
  "登录首页" : {
    "transaction" : "登录首页",
    "sampleCount" : 400,
    "errorCount" : 0,
    "errorPct" : 0.0,
    "meanResTime" : 627.15,
    "minResTime" : 510.0,
    "maxResTime" : 4021.0,
    "pct1ResTime" : 673.9000000000001,
    "pct2ResTime" : 769.7499999999995,
    "pct3ResTime" : 2514.1800000000044,
    "throughput" : 1.9946244870075145,
    "receivedKBytesPerSec" : 164.47658423829031,
    "sentKBytesPerSec" : 0.0
  },
  "访问商品详情" : {
    "transaction" : "访问商品详情",
    "sampleCount" : 400,
    "errorCount" : 0,
    "errorPct" : 0.0,
    "meanResTime" : 688.1099999999999,
    "minResTime" : 555.0,
    "maxResTime" : 2529.0,
    "pct1ResTime" : 762.0,
    "pct2ResTime" : 978.8499999999997,
    "pct3ResTime" : 1907.1400000000017,
    "throughput" : 2.0298386278290876,
    "receivedKBytesPerSec" : 712.677457254453,
    "sentKBytesPerSec" : 0.0
  }
}