{
  "GetCart" : {
    "transaction" : "GetCart",
    "sampleCount" : 593,
    "errorCount" : 0,
    "errorPct" : 0.0,
    "meanResTime" : 953.50084317032,
    "minResTime" : 687.0,
    "maxResTime" : 4166.0,
    "pct1ResTime" : 1153.8000000000002,
    "pct2ResTime" : 1259.7999999999997,
    "pct3ResTime" : 1609.6799999999876,
    "throughput" : 2.909958141748821,
    "receivedKBytesPerSec" : 2.293297090225878,
    "sentKBytesPerSec" : 0.0
  },
  "Total" : {
    "transaction" : "Total",
    "sampleCount" : 2368,
    "errorCount" : 0,
    "errorPct" : 0.0,
    "meanResTime" : 2674.1579391891905,
    "minResTime" : 548.0,
    "maxResTime" : 28459.0,
    "pct1ResTime" : 6303.2,
    "pct2ResTime" : 8149.499999999997,
    "pct3ResTime" : 11624.419999999995,
    "throughput" : 11.409958658173442,
    "receivedKBytesPerSec" : 1255.9455979145987,
    "sentKBytesPerSec" : 1.6939668879915966
  },
  "Add Cart" : {
    "transaction" : "Add Cart",
    "sampleCount" : 576,
    "errorCount" : 0,
    "errorPct" : 0.0,
    "meanResTime" : 2053.918402777779,
    "minResTime" : 1114.0,
    "maxResTime" : 11203.0,
    "pct1ResTime" : 3163.3000000000034,
    "pct2ResTime" : 4627.6,
    "pct3ResTime" : 6722.300000000017,
    "throughput" : 2.8597671474319193,
    "receivedKBytesPerSec" : 2.0051882928282403,
    "sentKBytesPerSec" : 1.7454633468212397
  },
  "登录首页" : {
    "transaction" : "登录首页",
    "sampleCount" : 600,
    "errorCount" : 0,
    "errorPct" : 0.0,
    "meanResTime" : 1945.7083333333333,
    "minResTime" : 548.0,
    "maxResTime" : 10112.0,
    "pct1ResTime" : 3243.8,
    "pct2ResTime" : 4306.949999999993,
    "pct3ResTime" : 7454.290000000004,
    "throughput" : 2.9654964488180027,
    "receivedKBytesPerSec" : 244.53472132982745,
    "sentKBytesPerSec" : 0.0
  },
  "访问商品详情" : {
    "transaction" : "访问商品详情",
    "sampleCount" : 599,
    "errorCount" : 0,
    "errorPct" : 0.0,
    "meanResTime" : 5703.669449081804,
    "minResTime" : 679.0,
    "maxResTime" : 28459.0,
    "pct1ResTime" : 9287.0,
    "pct2ResTime" : 11040.0,
    "pct3ResTime" : 14653.0,
    "throughput" : 2.9354830805420105,
    "receivedKBytesPerSec" : 1030.6498295879173,
    "sentKBytesPerSec" : 0.0
  }
}