{
  "GetCart" : {
    "transaction" : "GetCart",
    "sampleCount" : 80,
    "errorCount" : 0,
    "errorPct" : 0.0,
    "meanResTime" : 740.525,
    "minResTime" : 667.0,
    "maxResTime" : 925.0,
    "pct1ResTime" : 830.0,
    "pct2ResTime" : 873.8,
    "pct3ResTime" : 925.0,
    "throughput" : 1.0045960268227139,
    "receivedKBytesPerSec" : 0.7917080016073537,
    "sentKBytesPerSec" : 0.0
  },
  "Total" : {
    "transaction" : "Total",
    "sampleCount" : 320,
    "errorCount" : 0,
    "errorPct" : 0.0,
    "meanResTime" : 753.4218750000005,
    "minResTime" : 484.0,
    "maxResTime" : 1332.0,
    "pct1ResTime" : 1111.9,
    "pct2ResTime" : 1144.0,
    "pct3ResTime" : 1276.9,
    "throughput" : 3.9042959456326787,
    "receivedKBytesPerSec" : 424.6407375725955,
    "sentKBytesPerSec" : 0.5957482827198302
  },
  "Add Cart" : {
    "transaction" : "Add Cart",
    "sampleCount" : 80,
    "errorCount" : 0,
    "errorPct" : 0.0,
    "meanResTime" : 1106.5249999999996,
    "minResTime" : 1025.0,
    "maxResTime" : 1332.0,
    "pct1ResTime" : 1183.5,
    "pct2ResTime" : 1268.3,
    "pct3ResTime" : 1332.0,
    "throughput" : 0.9996376313586325,
    "receivedKBytesPerSec" : 0.7009177923002912,
    "sentKBytesPerSec" : 0.6101303902335403
  },
  "登录首页" : {
    "transaction" : "登录首页",
    "sampleCount" : 80,
    "errorCount" : 0,
    "errorPct" : 0.0,
    "meanResTime" : 548.6375,
    "minResTime" : 484.0,
    "maxResTime" : 810.0,
    "pct1ResTime" : 612.5000000000001,
    "pct2ResTime" : 749.2,
    "pct3ResTime" : 810.0,
    "throughput" : 1.0045581827542474,
    "receivedKBytesPerSec" : 82.83576719599559,
    "sentKBytesPerSec" : 0.0
  },
  "访问商品详情" : {
    "transaction" : "访问商品详情",
    "sampleCount" : 80,
    "errorCount" : 0,
    "errorPct" : 0.0,
    "meanResTime" : 618.0000000000002,
    "minResTime" : 519.0,
    "maxResTime" : 1078.0,
    "pct1ResTime" : 760.3000000000002,
    "pct2ResTime" : 949.8500000000004,
    "pct3ResTime" : 1078.0,
    "throughput" : 1.0058338362502515,
    "receivedKBytesPerSec" : 353.14884926322674,
    "sentKBytesPerSec" : 0.0
  }
}